Image,Class,Mean,Variance,Standard Deviation,Entropy,Skewness,Kurtosis,Contrast,Energy,ASM,Homogeneity,Dissimilarity,Correlation,Coarseness,PSNR,SSIM,DC,TS
Image1,0,8.749969482421875,805.9576339950775,28.389392983913503,0.2665383067201934,3.7181156257623673,14.464617538771831,63.858815875081326,0.475051295953323,0.22567373378693165,0.6513520274892606,3.220071567989589,0.9888343956125192,7.458340731199586e-155,Exaclty Same,1.0,1.0,1.0
Image2,1,16.37664794921875,1666.0270956781492,40.81699518188654,0.00180987628575076,3.2708309110852283,11.744579256790436,127.10721369662802,0.03553558392005783,0.0012627777245394726,0.31580697070509195,6.406096669798517,0.9728150490523156,7.458340731199588e-155,108.8281082682796,0.9729127015966724,0.7403846153846154,0.5877862595419847
Image3,1,7.341094970703125,1143.8082191843775,33.82023387240805,0.0014668110147850802,5.0617504115641685,26.47956316455328,81.86720593191777,0.03191671211609263,0.001018676512301534,0.2682748890548721,5.981799797775531,0.978013692812984,7.45834073119959e-155,110.34659737460763,0.9779527874393928,0.8390188892021426,0.7226809130645945
Image4,1,7.2656402587890625,1135.2300815932547,33.693175593779436,0.0011668116899226082,5.069644760841698,26.49492685512009,104.7319658119658,0.028452168576496663,0.000809525896705384,0.2197020707978377,6.757948717948718,0.970220792335384,7.458340731199592e-155,111.84914480596005,0.9827376399140634,0.8824214202561118,0.7895833333333333
Image5,1,5.9581451416015625,959.711984907359,30.9792185974301,0.001477124416673872,5.677977408822807,33.4288453356089,151.22974101921469,0.03202374897705085,0.0010255204985451657,0.24385091316176585,7.700918964076857,0.9641891830439564,7.458340731199596e-155,112.2662978145452,0.9853620242280676,0.849774866966844,0.7387900355871886
Image6,0,7.52410888671875,607.3952577784022,24.64539019326743,0.21408562564814787,3.729886120740799,14.471736054747838,105.0778816199377,0.42158745340618026,0.17773598086950826,0.5981692030058083,4.193146417445483,0.9764849634768236,7.458340731199598e-155,Exaclty Same,1.0,1.0,1.0
Image7,0,12.304412841796875,922.7461377395613,30.37673678556605,0.12883309871521142,2.9300947326401032,8.969347632694848,115.20311841550779,0.3206745606007683,0.1028321738164958,0.5322924527410647,4.880320269700801,0.9747452374902468,7.4583407311996056e-155,Exaclty Same,1.0,1.0,1.0
Image8,0,15.929473876953125,1069.9502475706634,32.710093970679196,0.10765759013777754,2.4840021918096085,6.515889464090959,94.87428842504744,0.2913213725485413,0.08486814210356597,0.5322616725197428,4.242054079696395,0.9767742233502436,7.458340731199596e-155,Exaclty Same,1.0,1.0,1.0
Image9,0,19.921615600585934,1166.1209220146873,34.14851273503265,0.09497545682520513,2.1291730107874414,4.905844176330379,93.81892009474552,0.2724857761426086,0.0742484982000398,0.5266436658109712,4.027166819741867,0.9743103171406357,7.4583407311996056e-155,Exaclty Same,1.0,1.0,1.0
Image10,0,20.93177795410156,1177.7009520774284,34.31764782262077,0.07841414340797442,2.0729038321106485,4.664009148494014,102.4842504743833,0.2461815103678785,0.06060533604700985,0.5135294150421361,4.1824478178368105,0.9700253213676596,7.458340731199608e-155,Exaclty Same,1.0,1.0,1.0
Image11,1,6.480392456054688,861.0295824540215,29.34330558158064,0.0023959715649698394,4.960656411222118,25.37394053330615,60.62429659053294,0.04080035080766442,0.0016646686260284814,0.3292468956909722,4.498510427010924,0.9702242472525344,7.458340731199611e-155,111.19197987770892,0.9813732487641232,0.8764458464773922,0.7800655124005615
Image12,1,8.4761962890625,1095.785127319499,33.10264532208112,0.0030018911055217845,4.3649999230742536,19.68251366309622,72.58878269617708,0.04568508107728017,0.0020871266330376626,0.36143163857930943,4.590794768611671,0.9678296996416668,7.458340731199617e-155,111.43912875591991,0.98189139297566,0.9144838212634824,0.8424414478353442
Image13,1,9.804611206054688,1114.8296529307781,33.38906487056471,0.0024362088841106896,3.8727276951584138,15.552861632074526,66.28546238244513,0.04114000202491485,0.0016924997666099974,0.3756176679401564,4.626763322884012,0.9687498473856312,7.458340731199621e-155,113.06996006359824,0.9839627726777148,0.945252198887094,0.8961878829135467
Image14,1,2.7337188720703125,415.31439294915435,20.37926379801671,0.0018501833448977816,8.062586109261336,68.0217928558544,95.73569023569023,0.03583130749796761,0.0012838825970139102,0.2674080531913073,6.132996632996633,0.9690631852958441,7.458340731199624e-155,69.4205907527795,0.9855116003185099,0.7266922094508301,0.5707121364092277
Image15,1,12.3267822265625,1150.6771443363987,33.92163239492461,0.003768576062696501,3.62397773230122,14.762269899565654,165.48479064773952,0.05132104975220585,0.002633850147668388,0.3852916407053215,5.215436001431469,0.958601276832679,7.458340731199627e-155,70.6699781188625,0.9860052023199724,0.9227808515756556,0.8566324251898169
Image16,1,5.268157958984375,748.1199429197328,27.35178134819984,0.0022053959352718346,5.608681106927151,32.58870189559226,106.09008620689656,0.039130477415722925,0.001531194262782402,0.3568576882648811,4.389224137931034,0.9467101157764741,7.45834073119963e-155,65.6320288765131,0.9702086758717,0.7070938215102975,0.5469026548672566
Image17,1,10.193466186523438,813.9243634300012,28.52935967437757,0.009774474664877644,3.3591346679548955,12.181669507389927,110.56864295125165,0.083283924590368,0.006936212095174104,0.470426405236625,3.566798418972332,0.9468841391915604,7.458340731199631e-155,71.42139080132135,0.9845743099870468,0.9054621848739496,0.8272552783109405
Image18,0,7.15631103515625,413.4382213068254,20.333180304783248,0.08182546338128165,3.1797813526803482,10.287346588375838,122.40266370699223,0.2509081486230682,0.06295489904545568,0.5838885689250535,3.552497225305217,0.9382381146208252,7.458340731199631e-155,Exaclty Same,1.0,1.0,1.0
Image19,1,2.240264892578125,274.0941226614022,16.555788192091676,0.0027361903312645448,7.829272910031762,63.218250510150305,95.07894736842104,0.043604695573388204,0.0019013694760478608,0.2997341951622817,5.6137521222410856,0.9353594351730804,7.458340731199639e-155,115.26478022697074,0.9914389429568076,0.8676258992805755,0.7662007623888183
Image20,1,12.773941040039062,988.4031722360222,31.43887994563455,0.0022341812974732184,3.1954622754434707,11.101878855689858,84.66410206466692,0.03939601012609833,0.001552045613855642,0.3731897004956656,5.033599532528244,0.9746003825814616,7.458340731199643e-155,113.58326554832205,0.985112985246572,0.91361173095314,0.8409624413145541
Image21,1,11.528060913085938,897.7286254997473,29.962119843224496,0.002319420523702524,3.3469559528467325,12.223719311530274,95.82232804232805,0.04015269977239122,0.001612239299011786,0.38712738638636535,4.992275132275132,0.9705917778222706,7.458340731199643e-155,114.52839352102005,0.9882667674169648,0.92118582791034,0.8538873994638071
Image22,1,15.317520141601562,1076.8780017056579,32.815819381902664,0.004807546478787544,2.8348341995126005,8.814871886907538,102.2484150817484,0.05807276798489619,0.0033724463814275843,0.3992514124054234,5.049049049049049,0.9597329313387416,7.458340731199645e-155,108.68570387713349,0.9679692517601778,0.7694849903607821,0.6253357206803939
Image23,0,8.333740234375,475.78235708984886,21.812435835776096,0.20490168752346544,3.0788751736459954,9.949499191728584,71.20957761635728,0.4114273614433026,0.16927247374419802,0.6529618179490377,2.8997847726661288,0.9723998366459532,7.458340731199641e-155,Exaclty Same,1.0,1.0,1.0
Image24,1,4.03521728515625,402.7063949943774,20.06754581393493,0.052819711479008984,5.4647302803296816,31.30569618766141,204.4178876678877,0.20009396166439705,0.0400375934945532,0.480473715462326,4.660866910866911,0.9541719719394935,7.458340731199649e-155,67.11371464978085,0.9748591862168522,0.7527173913043478,0.6034858387799564
Image25,0,6.339523315429688,293.8783809818088,17.14288135004757,0.06996544362839853,3.1808493378876923,10.439425857143151,92.8457098884186,0.2314177556148592,0.05355417761381871,0.5239575204982901,4.117352828010773,0.9356621442026232,7.4583407311996544e-155,Exaclty Same,1.0,1.0,1.0
Image26,0,6.5928955078125,392.2113384562226,19.804326256053816,0.20487570123203053,3.4386745992162293,12.254434748955562,73.95724137931035,0.4113890970235132,0.16924098914982158,0.6352970223814393,2.988965517241379,0.9710147570343196,7.45834073119965e-155,Exaclty Same,1.0,1.0,1.0
Image27,0,10.96429443359375,619.8329251285647,24.89644402577534,0.12659830217005014,2.7205629682514783,7.775729298153571,91.60589970501476,0.3175051802389943,0.10080953947859622,0.5640822544281998,3.771746968207145,0.9662202223374022,7.4583407311996586e-155,Exaclty Same,1.0,1.0,1.0
Image28,1,7.48370361328125,761.8197400763071,27.601082226541532,0.00137988797648702,4.36895123932326,20.6149699645549,83.91363636363639,0.03094519033723015,0.0009576048050074023,0.3086619255569769,5.391991341991342,0.9658087887878852,7.458340731199661e-155,68.71072307845597,0.9789663559333142,0.8880994671403197,0.7987220447284346
Image29,0,5.663375854492188,421.39153341193236,20.52782339684197,0.06832950209136351,4.231537297886291,18.775103891173828,109.31949215832712,0.22893443663716226,0.05241097627837486,0.5037815676402716,4.400896191187454,0.9668151126030844,7.458340731199664e-155,Exaclty Same,1.0,1.0,1.0
Image30,0,8.187423706054688,556.1948273936515,23.58378314422119,0.2447443816247569,3.347658899905136,11.705202935070352,78.97602441150828,0.4533060162496237,0.2054863443681041,0.6557789665804836,2.9154315605928507,0.976762481230574,7.458340731199661e-155,Exaclty Same,1.0,1.0,1.0
Image31,0,14.399520874023438,839.0152328184427,28.96575966237452,0.1911783158235965,2.3869361437064054,6.113620838172152,67.80918387034535,0.3962298877192719,0.1569981239220268,0.6305300150612123,3.0601967972216864,0.9798476123864244,7.458340731199664e-155,Exaclty Same,1.0,1.0,1.0
Image32,0,15.857437133789062,889.2102178159862,29.81962806300552,0.19300597869076647,2.243091725382601,5.4833791022346565,66.42953020134229,0.3982373976828315,0.15859302491319371,0.6334014114338605,3.0308724832214766,0.980139639065765,7.458340731199667e-155,Exaclty Same,1.0,1.0,1.0
Image33,1,4.7849884033203125,285.0164028557119,16.88242881980291,0.019839314050517462,4.242888405206779,20.08745140410884,105.47288195675293,0.11950568344530592,0.014281608375729669,0.4877047862727149,3.3707904998227582,0.9294118257114624,7.458340731199674e-155,70.45872943419783,0.9891526649000388,0.6888273314866112,0.5253521126760563
Image34,1,13.1513671875,746.8114624286827,27.327851405273023,0.027340414384269675,3.2617188125406367,13.139945292159119,88.1480354365321,0.1418237603457656,0.020113978998613155,0.4669418922463729,3.9816730912287817,0.9659551800126814,7.458340731199672e-155,65.06804293868127,0.9633071804040382,0.7414634146341463,0.5891472868217055
Image35,1,14.833328247070312,808.6520488822556,28.43680799390564,0.039451306783101284,3.216954530192851,12.874374892892327,101.58512906846241,0.17155917446889007,0.029432550344447063,0.4950018207094404,3.8707631874298536,0.9638766109856636,7.458340731199676e-155,65.61932400693844,0.9696555961669872,0.7809767541053529,0.6406578026592022
Image36,1,4.191802978515625,519.3974893372059,22.790293752762512,0.0022444567440235664,5.984401783163309,37.41745627632432,142.7631111111111,0.0395030862991804,0.001560493827160494,0.3423714185224459,6.001333333333334,0.9512068456006496,7.458340731199682e-155,65.07549863977252,0.9685842166785296,0.6433823529411765,0.4742547425474255
Image37,1,2.499725341796875,169.77475833993122,13.029764324036384,0.006372560008614621,6.258172762691046,46.79850895659317,195.51432078559742,0.06662864675715854,0.004439376568690213,0.4246345828809465,5.453764320785597,0.7939716745413408,7.458340731199684e-155,76.65017825412473,0.9958531956636216,0.7665706051873199,0.6214953271028038
Image38,0,2.470672607421875,80.39369112046269,8.966252902994801,0.27250518675859603,3.9651965840965,16.07489258762371,13.206409681757062,0.4796239961037309,0.2300391776385116,0.7669138352778209,1.1467951591214705,0.9808422347512236,7.458340731199682e-155,Exaclty Same,1.0,1.0,1.0
Image39,1,4.128662109375,146.18889289947762,12.090859890821564,0.01754474750841454,3.4418386732772484,12.634295023759332,26.11073684210526,0.11172740868030327,0.012483013850415508,0.5439009683590292,2.0484210526315785,0.9384981804297372,7.458340731199688e-155,69.10745012609549,0.9782156839295568,0.6809986130374479,0.5162986330178759
Image40,1,4.9663848876953125,208.8477208436469,14.451564650363881,0.019947374971708585,3.4839897266512136,13.261903916177086,29.50135135135136,0.11939091680416755,0.014254191015339656,0.5551046521435792,2.1554054054054057,0.9565887825927044,7.458340731199688e-155,67.91030220124836,0.9723163273167064,0.8390865639936272,0.7227813357731016
Image41,1,4.780609130859375,827.5323399913698,28.76686183773561,0.0013705612676898652,6.658400227167709,46.08731389613757,313.73326414115206,0.0308453785193847,0.0009514373760041193,0.2469307269574432,9.828749351323301,0.9570269881113002,7.458340731199692e-155,65.31321249775357,0.9668833156175376,0.6375,0.4678899082568808
Image42,0,7.73138427734375,194.85981355839448,13.959219661513837,0.07834082796912349,2.228601317507416,5.216356497359802,28.24707086793311,0.24290052966613546,0.059000667312089125,0.6689655043194197,1.7765896940052324,0.9497675877873104,7.458340731199693e-155,Exaclty Same,1.0,1.0,1.0
Image43,0,6.2762298583984375,174.69270329348473,13.217136728258685,0.0856515061198391,2.4855361990889886,6.3585888523572045,29.55245255997136,0.25414947687029105,0.06459195659344259,0.6966001917225961,1.7022556390977444,0.9476479126222436,7.458340731199696e-155,Exaclty Same,1.0,1.0,1.0
Image44,0,3.94354248046875,122.2083775515938,11.054789801330182,0.09394549696698602,3.1486412329388083,10.083423327463484,34.10879654614139,0.2675396033577458,0.07157743936481993,0.6724477294778061,1.9600647598488936,0.9413136347369686,7.4583407311996975e-155,Exaclty Same,1.0,1.0,1.0
Image45,0,12.135330200195312,780.0252777267398,27.92893262777401,0.17529884258129022,2.7208664952608634,7.775748845490153,93.94147582697201,0.3781124158894888,0.1429689990497857,0.6223784933644011,3.3289712831697567,0.9738545130836866,7.4583407311997e-155,Exaclty Same,1.0,1.0,1.0
Image46,0,17.500579833984375,1031.9562007119753,32.12407509504321,0.11804003892623532,2.223857192849924,5.267139574177202,80.36826530612244,0.3057215998007932,0.09346569658475633,0.5786500303059838,3.196632653061225,0.9772463714104141,7.4583407311997e-155,Exaclty Same,1.0,1.0,1.0
Image47,0,20.1002197265625,1079.8277397048068,32.8607324888659,0.11631086874808395,2.014287032990722,4.446617858908882,90.75124770160231,0.303220101135258,0.09194242973247607,0.5848076625161613,3.2858768934419054,0.9730518818380643,7.458340731199696e-155,Exaclty Same,1.0,1.0,1.0
Image48,1,6.863433837890625,698.1300633631447,26.42215099803845,0.0024591364843110537,4.234389749990765,18.420692311535266,38.293793793793796,0.0413227501721982,0.001707569681793906,0.3668815902426766,3.463963963963964,0.9592060622919699,7.4583407311997074e-155,63.25039126740091,0.9494289831674204,0.6297534475553699,0.4595913388228118
Image49,0,6.6618194580078125,583.0062181343193,24.14552169936113,0.1824752067031868,3.9744051371133553,16.119796139519984,117.91904008438816,0.386306044317196,0.1492323598759994,0.6268657251478907,3.320411392405063,0.9758970087701768,7.45834073119971e-155,Exaclty Same,1.0,1.0,1.0
Image50,0,9.8717041015625,759.8420511161453,27.565232651224715,0.18519045925299712,3.1387616500635787,10.135497166251943,144.6595274519803,0.3894461936269404,0.15166833773051236,0.6321881252956238,3.6620771715111333,0.9670653930205201,7.458340731199716e-155,Exaclty Same,1.0,1.0,1.0
Image51,0,16.36895751953125,1098.1558244482424,33.13843424859181,0.0947370237481832,2.4095244787821493,6.038080805660165,133.23930169534256,0.27179370727450264,0.07387181931401804,0.5530409829879878,3.8794983298670194,0.9650859587235588,7.458340731199716e-155,Exaclty Same,1.0,1.0,1.0
Image52,1,16.6468505859375,1408.2281276375604,37.526365766452265,0.014825333238118056,2.8085765549979027,8.404466771598226,137.79004524886878,0.10348737794925388,0.01070963739481172,0.4173058828934664,4.6877828054298645,0.9591731704979978,7.458340731199716e-155,65.76991172136944,0.9638450714865106,0.7891156462585034,0.651685393258427
Image53,1,15.720870971679688,1485.6093738574207,38.54360354011312,0.007471799675623023,3.0392906240029864,9.777729303396773,154.32618949958984,0.07292603900707946,0.005318207165262075,0.3946056803557806,5.376640689089418,0.9609359430229252,7.4583407311997215e-155,68.41914079104383,0.9761360856856676,0.9186415094339624,0.8495254048017867
Image54,1,13.524169921875,1357.2764187713385,36.841232590283106,0.005722021357245405,3.2814670631194724,11.332849050584352,116.97306397306394,0.06365919747096031,0.004052493422646721,0.3627150440212263,5.1336825040528735,0.9674065420357078,7.458340731199723e-155,65.40884083440402,0.9602960853168688,0.8142660234321157,0.6867189770415577
Image55,1,6.07012939453125,791.1150483936592,28.126767471461395,0.022536603809512026,4.988156953986015,25.513992572599026,192.83792892156865,0.12845123553088095,0.016499719909409852,0.3989208234360377,5.061580882352942,0.9640312636840398,7.458340731199727e-155,66.45106992034408,0.969109327376542,0.7684325505188422,0.6239467849223946
Image56,1,3.0579376220703125,395.29089956534966,19.88192394023651,0.014508265717523625,6.873150961625887,48.66126611755078,191.11594202898547,0.10217455545075056,0.010439639781558496,0.3962895951632105,5.734299516908213,0.9531817528676662,7.458340731199729e-155,68.14590951893149,0.980289512717688,0.6782511210762332,0.5131467345207803
Image57,1,1.593841552734375,177.46701824046124,13.321674753590903,0.003328257790967711,9.007385999485157,85.73181057536753,193.99191919191918,0.04816286182376624,0.002319661259055199,0.23820072538382325,7.169696969696969,0.9159715720654432,7.4583407311997314e-155,69.39025574130392,0.9852095214785772,0.7277321541377132,0.5719960278053625
Image58,1,3.7631683349609375,379.8073077819332,19.48864561178979,0.051324941386308914,5.646573993538781,33.20807481809671,199.15668202764977,0.1969664496332885,0.03879578228114277,0.4525056592374948,5.077682685977617,0.9557551505296816,7.458340731199735e-155,69.24167985578981,0.9825598575120328,0.8831849135673128,0.7908067542213884
Image59,1,4.8972015380859375,539.6138145220884,23.22958920261158,0.004555595265314022,5.19714161875378,28.20339710871325,119.67202797202795,0.05637400345408203,0.0031780282654408523,0.3597616895638482,4.923776223776224,0.9437593054255896,7.4583407311997364e-155,64.83244791359806,0.9637499530147902,0.7331454584868848,0.578713210130048
Image60,1,6.0711669921875,597.813443183378,24.45022378595701,0.0035236343211044424,4.601963994596894,22.38982815084667,93.3083950617284,0.049674140104205226,0.00246752019509221,0.3385043111896869,5.076790123456791,0.9641998397290652,7.458340731199739e-155,66.59159687171682,0.971303016163344,0.8497712717291858,0.7387846006999682
Image61,1,8.928085327148438,484.8279886430098,22.018809882530206,0.003818081560219785,3.233991407429722,11.70817545125575,37.982737768004405,0.05153185212710222,0.002655531783649529,0.3924074713026872,3.5757009345794395,0.9595163824270329,7.4583407311997406e-155,65.94865895906648,0.9670308506647042,0.7068965517241379,0.5466666666666666
Image62,0,8.625411987304688,325.23091307497725,18.034159616543747,0.09359280834512808,2.5335056950689974,6.741894306333832,52.396165723108595,0.26969031118093256,0.07273286394486825,0.5803287957678094,2.8912763767370047,0.9564118926551392,7.4583407311997406e-155,Exaclty Same,1.0,1.0,1.0
Image63,0,6.2646484375,417.03226824174635,20.421367932676453,0.2396189469028146,3.716819508056157,14.43211237641856,63.42018691588786,0.4481303392354886,0.2008208009433141,0.6522847829818235,2.8033644859813083,0.979181073756756,7.458340731199745e-155,Exaclty Same,1.0,1.0,1.0
Image64,1,20.621734619140625,1228.047021382541,35.04350184246062,0.031916268212008554,2.405143040002641,6.510367155774193,127.17921013412816,0.15396551052906554,0.02370537843247579,0.4295351288113935,5.237864594421971,0.9616124027848992,7.458340731199745e-155,63.07506473796043,0.9366341634812484,0.6378802747791953,0.468299711815562
Image65,0,17.310012817382812,939.7560424548557,30.6554406664601,0.06383724525414343,2.2805324030423533,5.670443964163578,98.46883173496077,0.22084971258420386,0.04877459554852544,0.5075624565463255,4.109524847428074,0.964136018939991,7.4583407311997505e-155,Exaclty Same,1.0,1.0,1.0
Image66,0,10.197021484375,554.5273092860043,23.548403540070485,0.07402697686686872,2.782879498261601,8.144412317856332,148.88992974238874,0.23883640288541824,0.05704282734324584,0.5039656338081531,4.8800936768149885,0.9307108835940304,7.458340731199753e-155,Exaclty Same,1.0,1.0,1.0
Image67,1,1.259246826171875,172.20781374777778,13.122797481778715,0.03620832610749125,11.560336467509835,140.15195323666126,1187.851111111111,0.16428483244913233,0.02698950617283949,0.3602161522848838,16.006666666666668,0.8699981802084872,7.458340731199755e-155,76.39004393047554,0.995980067849088,0.7074829931972789,0.5473684210526316
Image68,0,32.974334716796875,2630.774546468839,51.29107667488409,0.05857511613599883,1.9900641167793882,4.263510446596431,386.9463798288226,0.21103589950031856,0.04453615087790856,0.5008450709467818,6.379273652556098,0.944384262188858,7.458340731199758e-155,Exaclty Same,1.0,1.0,1.0
Image69,1,1.6103668212890625,123.88403752791793,11.130320639043507,0.39776077922236863,7.690002928533198,63.479357164888704,137.5260243632337,0.5924214501648624,0.3509631746154385,0.7159725149547083,3.7281284606866003,0.9533479680671566,7.458340731199759e-155,73.9165925634635,0.99279518552587,0.6513761467889908,0.4829931972789116
Image70,1,12.086151123046875,880.7494353601406,29.677422990551936,0.003763305558726133,3.4855849518381454,14.36548875869105,87.65331715210354,0.05125417102471664,0.002626990047430902,0.4020668142720101,4.863875404530744,0.9652163939341304,7.458340731199762e-155,65.80949326458986,0.9675576692826192,0.7345395625168782,0.5804524114383269
Image71,1,10.184295654296877,703.1748709901398,26.517444654229784,0.0035941325417812443,3.595046959133428,15.171542237592893,88.66976322646427,0.050016832940884944,0.002501683577436393,0.38693537835134856,4.974736603602583,0.9552990428311394,7.458340731199762e-155,68.08579859641233,0.9774527742694384,0.7833209233060313,0.6438188494492044
Image72,0,15.321746826171875,572.974126313729,23.936877956695376,0.054276161281525584,2.063548933971268,4.674106882921276,83.71907894736842,0.20236755920188187,0.04095262901732717,0.5564646050855234,3.7141917293233084,0.943998260261024,7.458340731199766e-155,Exaclty Same,1.0,1.0,1.0
Image73,0,14.551651000976562,560.8827134913333,23.6829625150937,0.05800513766427993,2.118363381069903,4.890460234322362,92.39438561930555,0.2094750640956136,0.04387980247786143,0.5645901999197466,3.6798818025116966,0.9390496192854692,7.458340731199769e-155,Exaclty Same,1.0,1.0,1.0
Image74,0,13.88385009765625,555.9596305851851,23.57879620729577,0.06251397532497678,2.1630524943992646,5.026004334093273,87.37668918918921,0.21787023030629799,0.04746743725371931,0.5676607594235366,3.6769425675675684,0.9421968250557312,7.458340731199772e-155,Exaclty Same,1.0,1.0,1.0
Image75,0,12.838165283203125,540.5816378566947,23.25041156316796,0.06910324843043965,2.260164371903836,5.430977176293551,75.47950819672131,0.2296720633304264,0.05274925667445536,0.5830881703721502,3.325591985428052,0.9520150980954942,7.458340731199774e-155,Exaclty Same,1.0,1.0,1.0
Image76,0,5.8856964111328125,297.07932425696146,17.23598921608393,0.10511890062687,3.3058857882376738,11.22601078142043,91.96255411255413,0.2868994751146281,0.0823113088210491,0.601038983500402,3.866233766233768,0.9439788529425828,7.458340731199776e-155,Exaclty Same,1.0,1.0,1.0
Image77,1,7.081207275390625,1126.526072315619,33.563761295713256,0.0028834795753350725,5.136202606931367,26.94673678442728,202.8146877144818,0.044859013254637516,0.002012331070179744,0.29788114923222225,7.45710363761153,0.9601272691502012,7.458340731199778e-155,70.19619817647248,0.9851115488311988,0.8847392144236961,0.7933025404157044
Image78,1,13.193695068359375,1924.0575602508447,43.864080524397686,0.001732271670781742,3.739343440580886,14.319589783636387,152.26790352504636,0.03470379745673895,0.0012043535579183606,0.31544207425758425,6.412615955473099,0.9610773000995332,7.458340731199782e-155,67.29647421667961,0.9755613559496537,0.8386500231160425,0.7221337579617835
Image79,1,5.661376953125,1051.6159771233097,32.428628973845164,0.0032015569710615284,5.983984711308576,36.11263147724599,258.08462332301343,0.04717483617793363,0.002225465168414876,0.33158565005673435,6.70485036119711,0.9296095763236408,7.458340731199784e-155,64.97226588886905,0.9636998102392778,0.6196553924696873,0.4489135460009247
Image80,1,20.890625,2384.714865170419,48.8335424188172,0.004747905525441085,2.8450181869832782,8.383018192175468,190.64391810517864,0.05784790895978125,0.003346380571019139,0.3493342848207213,6.8273785628261745,0.9570972654280262,7.458340731199786e-155,68.87761105688858,0.9784185869753772,0.8738621586475943,0.7759815242494227
Image81,1,20.979721069335934,2451.800174203141,49.51565584946988,0.0036581978036381037,2.8701575581842214,8.508726025932702,213.81740998363338,0.050607903284100114,0.0025611598748128306,0.3416093155466124,7.291837152209491,0.9524677987343221,7.458340731199789e-155,68.40305579184553,0.9772629443644428,0.8568404339772426,0.749537037037037
Image82,1,16.638809204101562,1917.218956333162,43.786058926708186,0.002399069612180213,3.1248510073937554,10.058322632023932,220.62855392156865,0.040842942664480485,0.0016681459654940404,0.3504312775794019,7.083455882352941,0.9397298172203846,7.458340731199789e-155,65.71336782534614,0.9683348120404996,0.6130150173276858,0.441976679622432
Image83,1,0.7709808349609375,164.8053248997255,12.83765262420375,0.00811428137290462,16.92571391976999,289.74180056274287,138.73303167420818,0.07537706447492165,0.005681701848856496,0.18304551960562127,8.552036199095022,0.8786111292748318,7.4583407311997936e-155,76.49223558229241,0.9962414044002652,0.7543859649122807,0.6056338028169014
Image84,1,6.5665283203125,897.3366051105576,29.955577195416502,0.005889752781833168,4.794583645546079,23.095225366925828,45.641596045197744,0.06402937454548306,0.004099760804685755,0.3842799988716695,3.756709039548023,0.7632601104624591,7.458340731199796e-155,79.40034388711535,0.9976440512677628,0.7074829931972789,0.5473684210526316
Image85,0,11.64813232421875,1283.1644199029233,35.82128445356089,0.15100232009319067,3.4160791376130324,11.907516546994133,228.95623327982884,0.3489035054789755,0.12173365613551748,0.5929649087977144,4.582771535580525,0.972023412083694,7.4583407311997936e-155,Exaclty Same,1.0,1.0,1.0
Image86,0,15.345489501953125,1561.473495387687,39.515484248427065,0.1938203604230209,2.9359592013060216,8.914272528643691,215.72669276497032,0.3992714585390459,0.1594176976038971,0.6302045663049203,4.196317239379441,0.9737133008874576,7.4583407311997936e-155,Exaclty Same,1.0,1.0,1.0
Image87,1,4.964813232421875,818.5519990325682,28.61034776147553,0.0021073377130592466,6.086602863743472,37.948343355859926,94.3016129032258,0.038253358792359415,0.001463319458896982,0.30372786201583096,5.241397849462365,0.9458070105974741,7.458340731199805e-155,69.29064254823284,0.9823307862784426,0.7637921799678629,0.6178509532062392
Image88,1,8.291000366210938,1472.4573083599396,38.37261143524036,0.007044387854416134,5.0223994867422155,26.008401275080573,145.52099483204137,0.07082818551303663,0.005016631863069129,0.3009231614892341,6.3510981912144695,0.9805203217846972,7.458340731199808e-155,68.35515517957691,0.9799246320502422,0.8540165465705898,0.7452258965999069
Image89,1,10.020339965820312,1851.2610669180829,43.026283443008225,0.008837980178092576,4.6747352516054175,22.39178538675178,163.48861111111108,0.07942185964911333,0.0063078317901234535,0.3633907450250354,6.2363888888888885,0.9815935479481852,7.458340731199809e-155,70.92060215788817,0.9860060071355056,0.9374613003095976,0.8822843822843823
Image90,1,9.743942260742188,1785.4357157741306,42.25441652388695,0.008802016570993698,4.706602322829737,22.669873268971376,162.6150793650794,0.07924097439569784,0.00627913202317964,0.3856273364216933,6.496598639455782,0.9809605649264028,7.4583407311998134e-155,70.24499582265334,0.984170698650882,0.9292283086765294,0.8678117998506348
Image91,1,9.611495971679688,1588.090410266079,39.850852064492656,0.008884880749689383,4.516749498128412,20.94220230771957,254.26497085320614,0.07963068499739817,0.0063410459931548535,0.369121986903904,5.865924748277688,0.9603571444766432,7.458340731199815e-155,66.3149479126881,0.971867128912812,0.8213921208409879,0.6969172151021822
Image92,1,0.589263916015625,90.32571649678208,9.503984243294076,0.005255876046276396,16.508444042342866,277.6103562753986,88.60504201680672,0.06045165785688302,0.003654402937645647,0.1955356698789589,6.73109243697479,0.9000016178440388,7.458340731199817e-155,81.42139080132137,0.9984184942172588,0.891566265060241,0.8043478260869565
Image93,0,12.881484985351562,752.1583246795168,27.4255050031812,0.1259266157340978,2.5702793795002568,6.9673052095122685,103.1276992481203,0.3165979796831349,0.10023428073944264,0.5791733710713441,3.6886616541353385,0.9662440750351976,7.4583407311998176e-155,Exaclty Same,1.0,1.0,1.0
Image94,0,17.993270874023438,980.6779311675067,31.31577767144713,0.07387749516513703,2.2199079872000116,5.267758692610529,116.17493734335841,0.2384286545597657,0.056848223315180114,0.5302473042818537,4.185864661654136,0.9620082630396524,7.458340731199821e-155,Exaclty Same,1.0,1.0,1.0
Image95,1,0.47894287109375,55.55311878869294,7.453396459916306,0.0073331205437799345,15.870635225007026,254.69081774691944,83.43181818181819,0.07146955403073185,0.0051078971533517,0.3248102567689549,5.106060606060606,0.8695211748188779,7.458340731199823e-155,75.77867649693572,0.9960123226102398,0.7302452316076294,0.575107296137339
Image96,1,6.150177001953125,472.1130156521288,21.728161810243613,0.005802262994358064,4.0469783130563295,17.201468375876082,88.20577319587629,0.06360148003232352,0.00404514826230205,0.3992074496504701,4.90680412371134,0.9239757298727886,7.458340731199827e-155,71.3417015046086,0.987658752307381,0.8210800260247235,0.6964679911699779
Image97,1,1.5607757568359375,170.38693801043215,13.05323477190356,0.00696869730571685,8.778303966470776,78.9645112969009,101.52691511387164,0.06994667057719661,0.004892536724834863,0.31741329613668995,5.72567287784679,0.9526817675522103,7.458340731199828e-155,70.93495901333972,0.9886865541031552,0.7369337979094077,0.5834482758620689
Image98,1,5.941864013671875,629.832100000579,25.09645592510184,0.003987692050015567,4.710692319792686,23.54834202724248,114.171654432524,0.05282672664194512,0.0027906630477027945,0.3739015735014911,4.457933370976849,0.9459422445761764,7.4583407311998325e-155,64.3488441039163,0.9579717732622836,0.6521739130434783,0.4838709677419355
Image99,1,6.6546630859375,696.9363274493126,26.39955165242987,0.0097961603520368,4.39321813200628,20.08499842601445,134.78785679729071,0.08363620677501755,0.006995015083713492,0.4133935302613603,4.253749395258828,0.952952399995246,7.458340731199835e-155,66.43063249524423,0.9704318851737154,0.8248355263157895,0.7018894331700489
Image100,1,4.698516845703125,499.8728631308856,22.35783672744046,0.04611036551650794,5.126724543586438,27.12334008363337,128.31630824372758,0.18625220116395366,0.034689882438417856,0.4616307557788945,4.081541218637994,0.9715924546869532,7.458340731199837e-155,71.02211133232184,0.9868863262976156,0.9160045402951192,0.8450261780104712
Image101,1,2.549179077148437,271.7172319289694,16.483847606944483,0.0773050462904777,6.7933293216196695,47.31649457057328,259.5997031172687,0.2441217435325007,0.05959542566534805,0.5206172276091983,4.681345868381988,0.9472717547597808,7.458340731199839e-155,69.79110293915696,0.9864856039153284,0.7934839726747241,0.6576655052264808
Image102,0,5.473480224609375,384.999365072031,19.621400690879106,0.2386756243606791,3.9966407521552094,16.38912807274082,51.30651380927566,0.4470841511059426,0.19988423817012127,0.6538465245764429,2.753309015112037,0.9840760330782412,7.458340731199842e-155,Exaclty Same,1.0,1.0,1.0
Image103,0,8.955795288085938,586.0062390073111,24.20756573898564,0.15384052537167292,3.1343716393332786,10.174119740859595,74.85436743504741,0.3524350224605051,0.12421044505673673,0.6057077223694463,3.4373602652070003,0.9772190299602858,7.458340731199839e-155,Exaclty Same,1.0,1.0,1.0
Image104,0,13.536849975585938,811.051773350564,28.47897072140361,0.0922545381294138,2.496403878353915,6.470909639371327,77.63662600026238,0.2680334712372416,0.07184194170348522,0.5605378486431334,3.4567755476846385,0.973966402780858,7.458340731199845e-155,Exaclty Same,1.0,1.0,1.0
Image105,1,3.9664154052734375,575.5276664969422,23.99015770054341,0.0013169039565014912,6.554005977267605,45.06220753999098,108.06418918918921,0.030227625070877364,0.0009137093174255336,0.2416646237554656,6.77027027027027,0.962082103462636,7.45834073119985e-155,108.22812897152674,0.9715374486753576,0.6782006920415224,0.5130890052356021
Image106,1,6.252899169921875,716.6855468174118,26.77098329941229,0.003689143773393585,4.707858227892926,22.87699641265413,131.0070741369553,0.0508051100504217,0.00258115920723546,0.36576549958211096,5.428126768534239,0.9526771034054652,7.458340731199852e-155,112.19587013897922,0.9852662754051338,0.9243561143784222,0.8593514328808446
Image107,0,11.480361938476562,670.5039543195952,25.89409110819677,0.09979604227511678,2.7800196885694173,8.124329286652419,55.58259847148736,0.2797253530830493,0.0782462731574366,0.5619242620655279,3.2791299235743683,0.9815915379807356,7.458340731199855e-155,Exaclty Same,1.0,1.0,1.0
Image108,0,14.087814331054688,785.3280408694783,28.02370498113121,0.14978278098483092,2.4320141557570945,6.361282824151353,56.20921985815603,0.34751594801941704,0.12076733412783415,0.5824325461343248,3.3442591527697907,0.9819331856248548,7.458340731199858e-155,Exaclty Same,1.0,1.0,1.0
Image109,0,8.77899169921875,498.7857253751388,22.333511263908743,0.17818326338709514,2.9676066406442416,9.193345873491884,69.75424561403509,0.3814685075104133,0.14551822222222222,0.6174987910499672,3.1178947368421053,0.9730682045808624,7.458340731199858e-155,Exaclty Same,1.0,1.0,1.0
Image110,0,13.347564697265625,645.6835705055278,25.41030441583744,0.09971016631076213,2.340970971751088,5.8328160811366265,55.55146489773354,0.27945636618692205,0.07809586060239908,0.5548022299493317,3.121171918186844,0.9750285730580908,7.458340731199862e-155,Exaclty Same,1.0,1.0,1.0
Image111,1,3.623123168945313,368.8483126719693,19.205424043013718,0.005954771227255663,5.856600208994958,36.42371704565858,90.7313122923588,0.06486386599059613,0.0042073211112460115,0.33064652309868503,4.880813953488372,0.9620855908052912,7.458340731199864e-155,68.25314817284922,0.9781356532665688,0.7899474868717179,0.652820830750155
Image112,1,4.1529693603515625,490.0980884365098,22.13815910224945,0.031900126720865576,5.936141133245737,37.393109501449146,155.9012527634488,0.15388393299796044,0.023680264834920767,0.3993477943757831,5.766396462785558,0.9715374055766852,7.458340731199864e-155,67.14364546996592,0.97807880591932,0.7805766312594841,0.640119462419114
Image113,0,6.9745635986328125,344.25287918474817,18.554052904547515,0.10512807650756256,3.0963961110608196,9.901556975144548,105.05792955480068,0.2872958948744559,0.0825389312117144,0.5397668251191708,4.3413195065260135,0.9394827763611586,7.4583407311998706e-155,Exaclty Same,1.0,1.0,1.0
Image114,0,7.012176513671875,384.8544603052391,19.61770782495343,0.22672832310076946,3.2580374772188225,11.21853559014802,66.8884297520661,0.4347440010682701,0.18900234646484804,0.6499054466418349,2.861717827626918,0.9705909539204852,7.458340731199864e-155,Exaclty Same,1.0,1.0,1.0
Image115,0,12.595138549804688,641.3641788595297,25.325168881165038,0.11793140306921007,2.4577838517814463,6.440771098019961,76.91257142857144,0.3056371705143211,0.0934140800000002,0.5610674470569386,3.483885714285714,0.9680981888657728,7.458340731199876e-155,Exaclty Same,1.0,1.0,1.0
Image116,0,15.014144897460938,772.443762254516,27.792872508154243,0.1501108897441733,2.257087220869295,5.535888538836073,69.63180858550318,0.34774597899188914,0.12092726590502742,0.5882179671060843,3.368332160450388,0.9751877614687544,7.458340731199882e-155,Exaclty Same,1.0,1.0,1.0
Image117,1,2.716766357421875,383.7363662248885,19.589190034937342,0.005329076541673575,7.509535702393725,57.30581924151363,36.10339123242349,0.060941567436308734,0.0037138746415941648,0.3505943278672923,3.8784119106699753,0.9665358844152366,7.458340731199878e-155,66.81408241600641,0.9760812964386624,0.6508504923903312,0.482415394824154
Image118,1,5.4842376708984375,634.0270776008108,25.179894312741087,0.002652164721982535,5.163094724669547,28.12644321205585,64.03538359788361,0.042927687669646164,0.0018427863686626914,0.34029390746989513,4.58829365079365,0.9708620727717632,7.458340731199882e-155,70.40748465298624,0.9856151622906608,0.8783446307527649,0.7830788804071247
Image119,1,11.378753662109375,993.7209424277347,31.523339645851845,0.003586367846013899,3.456466356548668,13.089136163365605,69.94760638297872,0.04995125863867745,0.0024951282395880483,0.3863296736513231,4.398670212765958,0.9666805647634455,7.4583407311998855e-155,70.56306946341148,0.9841599247470578,0.8942462230793957,0.8087209302325581
Image120,1,2.960601806640625,396.8209659448925,19.920365607711435,0.017179808614346544,7.134499273997601,52.292586122568906,273.607793840352,0.11150705373511498,0.012433823032685821,0.36075253094051385,5.878064110622251,0.9447705992289842,7.458340731199888e-155,70.39476738234987,0.9874213568205018,0.8321884200196271,0.7126050420168067
Image121,0,9.011077880859377,771.7476827142117,27.780347058923002,0.17843963865693013,3.5272025714308133,12.896813005681784,106.51160998169381,0.3818434921862055,0.14580445252495675,0.6238436984859593,3.614028326428365,0.9793507645714632,7.45834073119989e-155,Exaclty Same,1.0,1.0,1.0
Image122,0,13.71539306640625,1007.0314503615996,31.73375884388107,0.1415364952194285,2.798249797756415,8.31924328296533,117.32635275754423,0.3372209579332945,0.11371797446944874,0.5704826710905699,4.181061394380853,0.9743691048576966,7.458340731199892e-155,Exaclty Same,1.0,1.0,1.0
Image123,1,21.98472595214844,2075.2015012308625,45.55437960537782,0.009722308441415892,2.6972072067627235,7.763982478431298,191.19926706367386,0.08344451916530424,0.006962987778728826,0.3951208785956312,5.724538097419454,0.9644294279957406,7.458340731199892e-155,68.04864743043508,0.9729976144366824,0.9157940037297376,0.8446679015612596
Image124,1,10.143386840820312,1380.635642046226,37.15690571140479,0.005797864571784759,4.006344757594824,16.350619962950248,153.96358051777096,0.0640147051287519,0.004097882472721057,0.3653982399247672,4.684071961386573,0.955839012611008,7.4583407311998995e-155,65.71769131482122,0.9659485749232168,0.8253913043478259,0.7026946994373704
Image125,0,11.757980346679688,1225.7684457630387,35.01097607555434,0.2063093568768872,3.386931154616027,11.837180633298766,141.10997790243073,0.413090167600451,0.1706434865681687,0.6326811879877989,3.824749277579466,0.9820878560739534,7.458340731199907e-155,Exaclty Same,1.0,1.0,1.0
Image126,1,8.951019287109375,1257.548410992802,35.46192903654286,0.0009222700630480992,4.516786305247312,21.338176818101786,226.95156626506022,0.025297188436234217,0.0006399477427783423,0.2504797854550861,8.189638554216868,0.9568241369259404,7.458340731199904e-155,63.52088606448784,0.9529388618154212,0.6034770183376994,0.4321282401091405
Image127,1,29.077178955078125,2328.856548797586,48.25822778343178,0.03626516186669925,2.273347319275265,5.724316392694122,264.31791258169943,0.16451998272911875,0.02706682471718953,0.4197837220209569,6.6577818627450975,0.9578666727881306,7.4583407311999095e-155,61.68669127671184,0.9035615742618543,0.6593347639484979,0.4917967186874749
Image128,1,8.787139892578125,1058.4196461581253,32.53336204818256,0.001428085937962877,4.266264238714944,19.008064301278147,221.9189565909996,0.03149494874407911,0.0009919317963921707,0.2812640771212589,7.820589406610911,0.9602338479810528,7.4583407311999095e-155,66.36989101812229,0.9673265034911188,0.6804733727810651,0.5156950672645739
Image129,1,8.498138427734375,1040.099294464288,32.25057045176547,0.003071771281095829,4.4230512874941015,20.508972878288354,313.1554550593555,0.04641855218640792,0.002154681987082276,0.31850969649769034,8.598454870925194,0.9571806895458432,7.458340731199913e-155,66.30503250925082,0.9682537125106488,0.683963963963964,0.5197152245345017
Image130,1,7.9832305908203125,1003.0302579250856,31.67065294440716,0.002386731228121213,4.542470427806582,21.391308561247016,283.6447044334975,0.040787589418644,0.0016636274505838794,0.3094477172245388,8.244458128078817,0.9623254221947404,7.458340731199914e-155,67.0544648246808,0.9716498908673232,0.7488087134104833,0.5984766050054406
Image131,1,3.884552001953125,567.6920837564752,23.82628976060845,0.0026491858759384503,6.501505429637362,43.30349818782008,434.99884792626716,0.042900246522007364,0.0018404311516490048,0.3132373118557029,8.821428571428571,0.8614604108197683,7.458340731199914e-155,66.45106992034408,0.9740925456307159,0.6247787610619469,0.4543114543114543
Image132,1,9.164947509765623,510.0730112955732,22.58479602067668,0.013845087170771476,3.311302855423882,12.35026653437159,139.63307493540051,0.10004410753293642,0.01000882345206175,0.3701743480038535,5.900701365817644,0.927621774558904,7.4583407311999186e-155,67.11968433432085,0.9710787117293308,0.7278172968925496,0.5721012360211889
Image133,1,4.593551635742188,432.6018741004535,20.79908349183813,0.0017505821834455713,5.305934866959883,30.06497259563173,92.42005185825407,0.03485967555939424,0.001215196980106228,0.3211223948094189,5.117257274560645,0.9705069559343124,7.458340731199921e-155,69.4716247691608,0.9809698585428804,0.8606260296540362,0.7553499132446501
Image134,1,4.73236083984375,409.6741214314209,20.24040813401303,0.0017117787655525814,5.075252377060787,27.957666251005183,68.60497835497834,0.034473137235132165,0.0011883971908322555,0.30715280117210064,4.792748917748918,0.9700156422572559,7.458340731199923e-155,68.80655925013892,0.98016020102805,0.8094317742558949,0.6798701298701298
Image135,0,5.5650787353515625,265.0445040724628,16.28018747043359,0.07525563168755355,3.454136489202284,12.374960201189248,110.06293995859215,0.24066934887285776,0.057921735486885326,0.5093554710976418,4.457971014492753,0.9277398666772942,7.4583407311999285e-155,Exaclty Same,1.0,1.0,1.0
Image136,0,7.2348785400390625,551.2336191449464,23.47836491634259,0.15363317389451847,3.6205865214946975,13.446697335936232,97.50524395804831,0.35213929859743565,0.12400208561669393,0.5959325828148345,3.603055175558597,0.974686134046516,7.458340731199921e-155,Exaclty Same,1.0,1.0,1.0
Image137,0,15.478988647460938,834.2781623859893,28.88387374273037,0.11365862745589178,2.3245955504947493,5.8162699151141855,108.867850692354,0.2997822069217167,0.08986937158685497,0.5309021779242864,4.499899658840056,0.9633936839659656,7.458340731199931e-155,Exaclty Same,1.0,1.0,1.0
Image138,0,16.45599365234375,887.6942705609406,29.79419860578465,0.106902237973765,2.279323885895069,5.639642321368577,125.90489619293041,0.29017569929568743,0.08420193646174122,0.5251562861385953,4.8901638547187245,0.9589068977382972,7.458340731199933e-155,Exaclty Same,1.0,1.0,1.0
Image139,0,9.88140869140625,576.9892132830855,24.020599769428856,0.06954682221755527,2.8843114246681325,8.598758614284138,128.34797325886436,0.2308015559319463,0.05326935822060733,0.5079244502261533,4.88042650418888,0.9456685870277484,7.4583407311999385e-155,Exaclty Same,1.0,1.0,1.0
Image140,0,9.264556884765623,891.6791683896779,29.86099744465476,0.2396465066193313,3.630044551434725,13.603870039048195,101.22093457943924,0.4481517785252403,0.20084001659533604,0.6561007932346308,3.2065420560747664,0.9842153029639944,7.4583407311999385e-155,Exaclty Same,1.0,1.0,1.0
Image141,1,14.301681518554688,1586.0854435733547,39.825688237284176,0.012440138629748259,3.3051346215732096,11.400831827444472,144.07326831707928,0.09473616011894984,0.008974940034083301,0.3926919589713545,5.278069517379345,0.9714420243718777,7.458340731199941e-155,67.29647421667961,0.9737986187323476,0.8651989185013519,0.762423417290674
Image142,1,23.8819580078125,2166.154636307929,46.541966399239406,0.02598612799015316,2.5636028691454618,7.058265739765629,145.85497527602791,0.1384527192971442,0.019169155480773803,0.4181706431576876,5.441238230711916,0.9749355888101804,7.458340731199947e-155,64.21520448833648,0.9446587654302536,0.8406513194834363,0.7251065478496707
Image143,1,13.56817626953125,1754.6561305475766,41.88861576308742,0.011069007289511214,3.486109572338622,12.431879751628792,121.82810559006214,0.08918641521166741,0.007954216658307941,0.3710318276743975,5.335869565217392,0.9765169230751072,7.458340731199947e-155,62.065198683132714,0.9351427969683768,0.6336166194523135,0.4637180373185902
Image144,1,24.87855529785156,2224.0763288184453,47.16011374899816,0.021594912120020928,2.467619958087901,6.4979219636867045,139.25625422582826,0.12577248084978013,0.015818716939108312,0.4242697871142309,5.076538201487491,0.9734419818861658,7.458340731199952e-155,64.49651203324036,0.9494301932110868,0.8332915517673603,0.7142243231628707
Image145,1,10.372726440429688,1393.1712276290314,37.32520900985058,0.003813439693060053,3.968520922990751,16.099906614933204,112.0236559139785,0.051705561987842936,0.002673465140478669,0.3763733786318674,4.801290322580645,0.9634209664211898,7.458340731199952e-155,64.10938437768104,0.9539472651257428,0.725867269984917,0.5696951760875999
Image146,1,15.959121704101562,1748.6944716369935,41.817394366901844,0.005962465699193086,3.10819676456995,10.051048752894296,164.72037971641433,0.06497669699651683,0.004221971152577158,0.38731962653536256,5.42309540975727,0.9563854209585024,7.458340731199954e-155,68.6001230119718,0.9764860003585182,0.9086088032526074,0.8325234855847101
Image147,1,6.9747467041015625,973.6228636765404,31.20293037002359,0.011507993425491024,4.851818881728254,24.22105518065785,190.94862604540023,0.09097127556993748,0.008275772978821502,0.3811606507181135,5.589008363201913,0.9621285730822564,7.458340731199957e-155,71.65262878979273,0.9877117667512084,0.9309228278467352,0.8707723372034326
Image148,1,7.984588623046875,706.756688203621,26.584895865954056,0.0013133104621329645,4.193246361543808,18.855205706095454,148.91052971576227,0.030190756979293413,0.0009114818069827537,0.2979640141964898,6.853036175710592,0.9565982280312196,7.45834073119996e-155,69.903040703225,0.9826116220339954,0.7586641461877757,0.6111675126903553
Image149,1,10.325164794921877,878.8514017077638,29.645428006823643,0.003248348538371083,3.3638620576822253,11.864463870829766,87.74760938858303,0.04767636976687857,0.0022730362341481327,0.3143999880046439,5.3546798029556655,0.9449458786174376,7.4583407311999625e-155,70.39476738234987,0.9839022684268842,0.7651098901098901,0.6195773081201335
Image150,0,7.294036865234375,491.7114185189834,22.174566929682822,0.20656792323386952,3.5065030251058387,12.736895284495098,57.74706782253953,0.41330803729557775,0.1708235336931227,0.6301506900940479,2.9318374978752337,0.9822558495764268,7.4583407311999716e-155,Exaclty Same,1.0,1.0,1.0
Image151,1,6.4395904541015625,711.402252446016,26.67212500806818,0.0036827758711750172,4.945783309782303,26.258024532328324,191.8333333333333,0.05099848580334891,0.0026008455542343807,0.2520447159703205,8.161609195402301,0.9628988279836356,7.458340731199968e-155,66.68787299012442,0.9707921182433512,0.7748808522567985,0.6324942791762014
Image152,1,11.05682373046875,1089.1478642600305,33.00224029153219,0.0022864790279084595,3.7962463541255658,15.771150598040922,172.68726790450927,0.0399918507624414,0.0015993481274053846,0.3019548405690717,6.893633952254643,0.9628403552455004,7.4583407311999716e-155,67.98985878562573,0.9724117510578472,0.8761190922340204,0.779547980733605
Image153,1,13.328353881835938,1029.4721788957656,32.08538886932439,0.003033275506412223,3.090677482266221,10.328739576119084,97.65591178272413,0.0460486011843986,0.002120473671039796,0.3472125533463699,5.06309985705534,0.9594284709955068,7.458340731199974e-155,67.66644814772305,0.9744012227096136,0.8562457950213053,0.7486274509803922
Image154,0,5.8576202392578125,298.175664502544,17.267763737743927,0.2446824680224781,3.3223292144747014,11.420513292555812,50.077812325599936,0.452887687304976,0.20510725731244966,0.6975937559636884,2.1392011480507054,0.9735087894040572,7.458340731199968e-155,Exaclty Same,1.0,1.0,1.0
Image155,0,14.104843139648438,744.32026787552,27.28223355730832,0.09733454193021958,2.343180241526184,5.785302971083407,84.93264427217916,0.2757572773118435,0.07604207599044098,0.5700888248251597,3.2151593453919034,0.9668354818494336,7.458340731199968e-155,Exaclty Same,1.0,1.0,1.0
Image156,0,17.786148071289062,941.6780463000264,30.686773149029964,0.11472678063948101,2.137299552940488,5.031036398156259,97.15329015300856,0.3011758442895644,0.09070688918353194,0.5709480877179113,3.24152820801652,0.9682687639405936,7.4583407311999815e-155,Exaclty Same,1.0,1.0,1.0
Image157,1,2.483993530273437,366.792363997027,19.15182403837888,0.0025049670978323987,8.111458828836799,67.58990467658451,43.05778191985088,0.04171525967816415,0.0017401628900166675,0.2681709283897157,4.670083876980429,0.9744682093265638,7.458340731199983e-155,69.4613698769839,0.984907341478198,0.7722878625134264,0.6290463692038495
Image158,1,3.879684448242188,679.4322203419939,26.065920669371987,0.004510405401732853,7.154861357473696,52.60111282925431,75.05532212885154,0.05604428844458501,0.003140962267259845,0.32977619481035153,5.607142857142856,0.9771688737477506,7.458340731199986e-155,68.66785061954363,0.9817887277715319,0.790793259350596,0.6539768864717879
Image159,1,4.979751586914063,852.3165603186618,29.19446112396428,0.002169761318076015,6.31930214390036,41.24150057728942,79.59667024704619,0.0388207097067695,0.0015070475021372676,0.3039547692346264,5.579484425349087,0.9767014825131314,7.458340731199987e-155,67.76235303460406,0.9781970238775816,0.7891019172552977,0.6516666666666666
Image160,1,5.4114532470703125,911.7564954372814,30.195305851030568,0.0018271993652109575,5.997502721249695,37.048303603903655,69.04240631163708,0.03561578063065947,0.0012684838299312586,0.2931260774849507,5.187376725838265,0.9759514629328316,7.4583407311999915e-155,65.90779456622577,0.9712493458915552,0.6994056928370347,0.5377585377585378
Image161,1,5.10833740234375,878.9744427597448,29.647503145454674,0.002716541134423496,6.166218275428822,38.944674624801394,61.50080862533693,0.04345227500029464,0.0018881002027012301,0.3100353988640449,4.8851752021563355,0.9731349666240808,7.458340731199993e-155,65.31321249775357,0.9676890277118022,0.6607142857142857,0.4933333333333334
Image162,1,5.889556884765625,981.4158220297794,31.32755691128467,0.002096669005408819,5.719970338649992,33.667442682738354,114.87944219523165,0.03816377915974913,0.001456474039754102,0.2888162602604661,5.6540710751237055,0.9604498697255696,7.458340731199995e-155,67.18589821983267,0.9749248821212854,0.7806372549019608,0.6402010050251257
Image163,1,5.428924560546875,920.9497811859958,30.347154416616984,0.004496507597216909,5.983928494215161,36.797840047486034,196.26126126126132,0.05621026972540323,0.003159594422602582,0.2913411603645793,6.3437648174490295,0.9621175300070302,7.458340731199997e-155,69.40034388711535,0.9824461814392728,0.8659600997506235,0.7636063771302913
Image164,1,3.506805419921875,520.3817384539901,22.81187713569381,0.009822648339268143,6.939508858688058,49.93040797450449,227.072340425532,0.08389718488582411,0.007038737631766153,0.2904385559032667,6.648024316109423,0.9561171551271244,7.458340731199997e-155,71.12605001534574,0.9877139841206544,0.8625772705658583,0.7583612040133779
Image165,0,21.741195678710934,1499.678170181319,38.725678434100026,0.06059823613871607,2.2288422980992757,5.266827852543795,81.44168133802819,0.21478484279481524,0.0461325286943935,0.5432664726072107,3.661751760563381,0.9814434688853528,7.4583407312000055e-155,Exaclty Same,1.0,1.0,1.0
Image166,0,17.822296142578125,1326.8928937043754,36.42654106148943,0.0649846466985587,2.4594514122063083,6.2783626239158306,83.05914407230199,0.22243166034618805,0.049475843524361934,0.5622718144845279,3.727272727272727,0.9811265983419908,7.4583407312000055e-155,Exaclty Same,1.0,1.0,1.0
Image167,0,11.815582275390625,967.096791140242,31.09817986860713,0.07515399986776891,3.0079153630379927,9.225215069185555,77.15093984962407,0.2400295440416301,0.05761418201283284,0.5723899826629256,3.6915413533834585,0.98277100256227,7.4583407312000105e-155,Exaclty Same,1.0,1.0,1.0
Image168,0,6.814788818359375,419.16662098947404,20.47355906991929,0.21862739457693234,3.4825009221466265,12.740505262274553,75.96329072435267,0.4262795508236538,0.18171425545041608,0.6361610382555016,3.1314323172730254,0.9721466344553868,7.4583407312000055e-155,Exaclty Same,1.0,1.0,1.0
Image169,0,10.205215454101562,586.3392870284557,24.21444376871903,0.14285912374482873,2.898689161612988,8.861950979770477,72.0395076923077,0.3387942979616992,0.11478157633136064,0.5825812176705778,3.4131692307692307,0.9743781485194678,7.458340731200013e-155,Exaclty Same,1.0,1.0,1.0
Image170,1,5.027984619140625,399.87433646849195,19.996858164934107,0.008359889737514684,5.060589308800616,28.627479786080972,173.48769665187575,0.07727166350131315,0.005970909980260172,0.3316905356960463,6.677289229528036,0.944005131479616,7.4583407312000204e-155,69.09801918901474,0.9825220088937556,0.6406858924395947,0.4713302752293578
Image171,0,8.399124145507812,668.7866294742194,25.860909293259958,0.22306888851090148,3.510394006782049,12.869766270352715,125.75087351502444,0.4310825143261399,0.18583213415774666,0.6265086385956598,3.939902166317261,0.9720946720636606,7.458340731200016e-155,Exaclty Same,1.0,1.0,1.0
Image172,1,7.8430023193359375,1293.0287599876242,35.95870909790317,0.001076266745603443,5.019842042470552,26.068139831684352,103.92955847657566,0.02732317923762891,0.0007465561236515956,0.2600704968358042,5.8419278732726685,0.9708340917343896,7.458340731200027e-155,63.30216698207677,0.9529288762914068,0.6171003717472119,0.44623655913978494
Image173,1,7.225448608398437,1302.4269348644086,36.08915259277237,0.0013862607053903345,5.413796626536057,30.22360468943805,90.12994802079169,0.031019189125030426,0.0009621900939744057,0.2796285891010292,5.999600159936026,0.9741344544800554,7.45834073120003e-155,63.051589303400576,0.9519064067676553,0.6006458557588805,0.4292307692307693
Image174,0,18.793121337890625,1233.6162898884959,35.122874168958546,0.05823195470832707,2.2852520057115,5.43837693861956,135.7646771037182,0.21019373848306,0.04418140769748501,0.5191205205039785,4.386619373776909,0.9611151273446468,7.458340731200027e-155,Exaclty Same,1.0,1.0,1.0
Image175,0,13.25604248046875,955.1041804980816,30.90475983563182,0.08625284030240869,2.7351945420542374,7.731126324529095,165.41018431740082,0.2587970440420218,0.06697591000488819,0.5255014609812587,5.053889409559512,0.956615382136592,7.4583407312000246e-155,Exaclty Same,1.0,1.0,1.0
Image176,0,7.3030548095703125,533.6349902083737,23.100540907268254,0.2399922649001861,3.570537658318765,13.175226441223176,81.98381877022653,0.4483845684071768,0.20104872118569025,0.6594147867991769,3.182847896440129,0.9780473854305436,7.458340731200027e-155,Exaclty Same,1.0,1.0,1.0
Image177,0,14.597442626953125,908.3845260178982,30.139418143320192,0.11519088219102873,2.4869205445308147,6.512311349042583,132.7705528846154,0.3017762667808593,0.0910689151921924,0.5715363329894293,4.5022836538461535,0.9617618609137534,7.45834073120004e-155,Exaclty Same,1.0,1.0,1.0
Image178,0,17.818832397460938,1054.3607706215716,32.4709219244168,0.09208684005549007,2.251392060965446,5.4167138094995035,123.85959639330187,0.26798570751287404,0.07181633943117569,0.5429623903460594,4.296801202232719,0.9634445850185116,7.458340731200036e-155,Exaclty Same,1.0,1.0,1.0
Image179,0,22.19883728027344,1221.9202920239593,34.95597648505845,0.07663676054051043,2.0059054164698646,4.3844423150144305,124.76678832116787,0.243114481339449,0.059104651036949285,0.5328807453720298,4.545894160583941,0.963273971603486,7.458340731200042e-155,Exaclty Same,1.0,1.0,1.0
Image180,0,23.26179504394531,1232.900742236335,35.112686343205574,0.06335172939544059,1.9537606353978931,4.174776769912212,133.5397429582195,0.21987299764276605,0.0483441350924158,0.5239854710470362,4.6647261654202685,0.9579742222404428,7.458340731200043e-155,Exaclty Same,1.0,1.0,1.0
Image181,1,3.0107421875,374.3804536904499,19.34891350154964,0.0024664010937272642,7.13776835632957,54.47242543610886,106.030625,0.04141774604562638,0.0017154296875000002,0.2745172521240015,6.9493750000000025,0.9589317817966392,7.458340731200049e-155,70.60285244223184,0.9876070569214278,0.7785326086956522,0.6373748609566184
Image182,1,5.17120361328125,784.1244324915939,28.002221920618982,0.0015869348971921558,5.935283159155126,36.78618438377183,93.59523809523807,0.03318728571496474,0.0011013959331267024,0.3084358556322375,5.935897435897435,0.9703503381537764,7.458340731200052e-155,67.2593018514901,0.9749761777939738,0.7781978575929427,0.6369262506446622
Image183,1,4.474517822265625,791.9568541191858,28.141727987442174,0.0015786257853671187,6.722948430938051,46.54748565519954,85.08843537414965,0.03310185204965401,0.0010957326091171836,0.23960197576266345,6.3314780457637605,0.9747020695487434,7.458340731200054e-155,64.57227256710578,0.9658774849821888,0.6064438422162,0.4351771823681936
Image184,1,6.9244537353515625,1101.7501997689646,33.19262267084306,0.0013604603932745865,5.306350299379128,29.457901223371397,98.60639070442991,0.03072933927615932,0.0009442922923493076,0.2879443189345864,6.270878721859115,0.9718465762886092,7.458340731200056e-155,64.61233075873852,0.964632250185303,0.6649417852522639,0.4980620155038761
Image185,1,3.35955810546875,566.9077800027846,23.809825282911767,0.0019188278466558148,7.686397945479888,61.77621373751087,219.6023076923077,0.03651618754282437,0.001333431952662722,0.2310692147922961,9.41,0.9451712478298052,7.45834073120006e-155,68.55001155423848,0.9812071263600592,0.7254593175853018,0.5691927512355849
Image186,0,17.765716552734375,1488.7246465123912,38.58399469355643,0.1346401668570453,2.641780677325192,7.41673387083557,136.88840875912408,0.3283720011408581,0.1078281711332516,0.5394541727006138,5.056350364963503,0.9784268099659724,7.458340731200066e-155,Exaclty Same,1.0,1.0,1.0
Image187,1,19.854049682617188,1614.8306258738346,40.184955218014544,0.0029364535602129363,2.5912567552166297,6.982732526482384,181.50258620689647,0.04526450653146928,0.0020488755515374246,0.34697563101563195,6.936128526645768,0.9435189081642148,7.4583407312000635e-155,114.41047827372446,0.989383090168616,0.8078902229845626,0.6776978417266187
Image188,1,5.549957275390625,675.1988525860137,25.984588751527586,0.0017178255451400436,5.089928082530367,26.69817244631423,109.48373702422144,0.034531935831317584,0.0011924545922582346,0.3225880765646251,5.818685121107267,0.9463414712915548,7.458340731200068e-155,114.48873164884404,0.9902992222401578,0.8661800486618005,0.7639484978540773
Image189,1,16.000579833984375,1404.3831771391226,37.47510076222775,0.0021625931768284165,2.9067588200533723,8.775457564504983,162.66934865900384,0.03875784784607977,0.0015021707696598705,0.36335421911522997,6.1929118773946366,0.9544969890052808,7.458340731200068e-155,112.67549378895046,0.9851556900423232,0.8367546432062561,0.7193277310924371
Image190,1,13.58892822265625,1228.044697866392,35.04346869056189,0.002446934278830534,3.0316319403751715,9.4238261027473,151.61073403720457,0.04123259057411484,0.0017001265254525835,0.3231204562688349,6.541855203619909,0.8755555994733834,7.45834073120007e-155,114.83799807793397,0.9908870248674782,0.6518010291595198,0.4834605597964377
Image191,0,14.491363525390625,1115.2989029350083,33.396091132571314,0.06681891100517227,2.7923306249071147,8.090985001903869,157.61206833878592,0.2263516567450345,0.0512350725112219,0.4722927665745968,6.063249727371867,0.9662620872449628,7.4583407312000776e-155,Exaclty Same,1.0,1.0,1.0
Image192,1,10.935165405273438,979.6426238514183,31.29924318336497,0.028093289400948303,3.286802967407669,11.116787319537007,143.3421985815603,0.1437821585696746,0.020673309122955053,0.42641841817873416,5.124620060790273,0.9609348945436108,7.458340731200079e-155,68.5917308454589,0.9801451971760816,0.6063829787234043,0.4351145038167939
Image193,1,15.541641235351562,1348.1222518377785,36.71678433411317,0.004843370429255136,2.8530228180880286,8.420388021511839,145.09028925619842,0.05837471618125896,0.003407607489242537,0.3619155268475557,5.658057851239668,0.9378371993863072,7.458340731200081e-155,65.10169485339372,0.9620521845868272,0.6714001704061346,0.5053441641727234
Image194,1,10.492538452148438,1035.7745277179897,32.183451146792656,0.002431455279710173,3.523061680799136,12.826872589252794,191.6810512654121,0.04109876461504317,0.001689108452882724,0.3497777184921367,6.424075275794939,0.8934135422467784,7.458340731200083e-155,66.9440696479105,0.9705688411559222,0.7586866432897673,0.6111967128916281
Image195,0,17.594924926757812,1224.6198019518401,34.9945681778164,0.06654310262553433,2.3741470836323093,5.810563997225086,179.3647121393431,0.22515131458276946,0.05069311445834922,0.5417365626979949,4.059699508044143,0.951368741490082,7.458340731200081e-155,Exaclty Same,1.0,1.0,1.0
Image196,0,10.786514282226562,785.0667570837303,28.01904275816236,0.09552443043003414,2.9735960875691383,9.065326353556406,153.21135011441646,0.27298757991791,0.0745222187894373,0.5584316171027024,4.182334096109839,0.9574634650282842,7.458340731200092e-155,Exaclty Same,1.0,1.0,1.0
Image197,0,7.1778564453125,597.2018463109498,24.437713606451602,0.11145960033382396,3.7044721730686816,13.894545681389735,106.20763790664782,0.2958271947374042,0.08751372914620206,0.6052259260585584,3.2212164073550213,0.9736056955934864,7.458340731200097e-155,Exaclty Same,1.0,1.0,1.0
Image198,1,9.0098876953125,1433.538737453829,37.862101598482745,0.0015999785916989912,4.708435438799975,23.10431126309669,148.46704949412091,0.03335115093230352,0.00111229926850929,0.32520519336415765,5.844681432868471,0.9732261970446532,7.458340731200092e-155,65.3448552229371,0.9683493876754896,0.7929598788796366,0.6569457510191282
Image199,1,8.450576782226562,1308.6451968815907,36.17520140761611,0.0013172549338900002,4.797954224381166,24.05564706304007,126.7207977207977,0.03024642905207201,0.000914846470402026,0.3043116020107595,6.042165242165241,0.9740662502947652,7.458340731200097e-155,65.02726381447688,0.9656614844278064,0.7676209279368214,0.6228772829221403
Image200,1,6.633758544921875,1083.7891336604437,32.920952806084514,0.0016038759049861193,5.450146510052887,30.90090747846096,86.41328125,0.03336815604570659,0.001113433837890625,0.30744619615854923,5.775,0.9752346801362364,7.458340731200099e-155,64.56563197740367,0.9632077544711528,0.6499063920834448,0.481378763866878
Image201,1,6.157073974609375,983.1063545305248,31.35452685866149,0.0014105454851340035,5.5235310311254535,31.494134923436903,103.34435717238527,0.03128848899101165,0.0009789695433406573,0.2568802601390789,6.452252997106243,0.9635097487211464,7.4583407312001016e-155,64.8572142648158,0.9634695394380494,0.6586726157278304,0.4910602910602911
Image202,0,14.202194213867188,842.1581789962314,29.01996173319723,0.07785873151341656,2.4348541063481752,6.160252765252769,96.95345878256212,0.2449663581454143,0.06000851662302738,0.5557686784940021,3.3126632290899347,0.9648194042726752,7.4583407312001016e-155,Exaclty Same,1.0,1.0,1.0
Image203,0,10.026092529296877,664.7297675640018,25.78235380185451,0.07516614296040243,2.937524154146563,8.845311819497736,123.29327747095793,0.24060876647496265,0.0578925785046031,0.5145750219276736,3.9375357074842894,0.9555394369797152,7.4583407312001066e-155,Exaclty Same,1.0,1.0,1.0
Image204,1,10.591690063476562,1513.7503716389135,38.9069450309185,0.0037616914117676453,4.219643491450274,18.731488318639485,226.4394419784401,0.0514498246920191,0.0026470844608394986,0.3052067637730481,6.923060663707463,0.9580328163061084,7.458340731200109e-155,64.10043292521132,0.9565522174473308,0.7392160372292823,0.5863145939806927
Image205,1,12.4058837890625,1671.4687197053836,40.88359964222063,0.00295413727865894,3.9679516151344063,16.77768589275667,166.58451897018963,0.0455125608426248,0.0020713931944536246,0.30621832793449066,6.6912262872628725,0.9726493665911132,7.458340731200111e-155,65.70904863571214,0.9634037574817452,0.8237561317449195,0.700327673518022
Image206,1,11.6888427734375,1671.0791130794685,40.878834536707004,0.002495086309855077,4.140525856886483,18.088042180404454,167.25361781076066,0.04180247394932933,0.0017474468282843575,0.3019255795676001,6.757142857142856,0.9762526244841584,7.458340731200113e-155,66.67706963923254,0.9688675090583799,0.8595358576164718,0.753671970624235
Image207,1,9.14703369140625,1477.6533360945675,38.440256712131465,0.006641468537148979,4.69121679024457,22.85399371855675,198.36984126984126,0.0687334477097955,0.004724286834075193,0.31090169470708034,7.041798941798942,0.9725328770853864,7.4583407312001165e-155,66.13032066756824,0.9682772096311332,0.8175824175824176,0.6914498141263941
Image208,1,15.138290405273438,1668.5664358897284,40.848089745907686,0.0035571847061664744,3.7974718753859262,16.153123831208543,149.58229528282632,0.04984180023674106,0.002484205050839201,0.3869587480213922,5.685419644680418,0.9805460576499152,7.458340731200118e-155,68.95895891570629,0.979497953794324,0.9001258917331095,0.8183899275085845
Image209,1,6.8321075439453125,1196.2528857948762,34.58688892911411,0.012162388182047212,5.519920631947413,31.44238910132913,202.3804985337244,0.09337151413692386,0.008718239652221772,0.3683642276297355,6.2727272727272725,0.977120558409726,7.458340731200121e-155,67.58589663016049,0.9773620432902398,0.8263759638394044,0.7041232442229269
Image210,1,4.39556884765625,789.6839302647777,28.10131545434801,0.0039227027684764345,6.830663392131427,48.06201700890015,171.9691358024691,0.05230912420340837,0.002736244474927603,0.28065281024436195,7.0395061728395065,0.966193288252046,7.458340731200123e-155,66.35984952273776,0.9740259265446408,0.6687069625095639,0.5022988505747127
Image211,0,2.7688446044921875,101.35171274912756,10.067358777212997,0.1869789954147664,3.995753917364596,16.32131101131339,23.71281645569621,0.3903652341337422,0.15238501602029134,0.7273067072002842,1.4899789029535864,0.9723037438838064,7.458340731200125e-155,Exaclty Same,1.0,1.0,1.0
Image212,0,4.296356201171875,145.130310696184,12.047004220808759,0.18957939163630547,3.160535840418924,10.29118255810042,27.976542580316163,0.3933676666504409,0.1547381211660124,0.715491944150907,1.7059323474417811,0.966906964329423,7.458340731200128e-155,Exaclty Same,1.0,1.0,1.0
Image213,0,23.3223876953125,1171.713290990268,34.23029785132271,0.06877334776640988,1.8910420463980204,3.9487084397800216,114.0128057369702,0.22946496258425164,0.052654169053792006,0.5054745834989812,4.350706449822853,0.9624087031174324,7.458340731200129e-155,Exaclty Same,1.0,1.0,1.0
Image214,0,22.711410522460927,1133.0551427467046,33.660884461741425,0.06064918478472391,1.9193869227551088,4.026807838198766,102.65361552028216,0.2147701867794567,0.04612623312928272,0.4908652186377042,4.348589065255731,0.9640699765229896,7.458340731200132e-155,Exaclty Same,1.0,1.0,1.0
Image215,0,21.805221557617188,1096.4300765846374,33.11238554656909,0.054673818599528384,1.9618796085936523,4.1510219773037775,115.45380635624541,0.20326070939115387,0.041314915982195104,0.4945024409107762,4.400776053215077,0.9575985119826608,7.458340731200135e-155,Exaclty Same,1.0,1.0,1.0
Image216,0,20.13075256347656,1084.261828906793,32.928131269581534,0.06980160112115824,2.0551910201886496,4.516521187132983,105.14008129275305,0.23114486737427625,0.05342794971347176,0.5180864481567669,3.9878060870427285,0.9642447268191604,7.458340731200138e-155,Exaclty Same,1.0,1.0,1.0
Image217,0,18.826873779296875,1052.2037030481474,32.43768954546775,0.08209281406962643,2.127373968186552,4.811497836575302,109.80556705298014,0.25184304992377343,0.06342492179490823,0.5380813581077082,3.9546771523178816,0.9643273668487452,7.458340731200138e-155,Exaclty Same,1.0,1.0,1.0
Image218,0,14.276611328125,849.4860803489082,29.145944492311592,0.09185678042844736,2.4552946302232983,6.293994469825367,125.19696106362774,0.2674492683957532,0.07152911116542363,0.5243036586506903,4.611332700221588,0.95831129872987,7.4583407312001405e-155,Exaclty Same,1.0,1.0,1.0
Image219,0,9.733795166015623,646.0743051154907,25.41799176007992,0.09757216982902406,3.0230976873004782,9.418475845692313,214.43675481846702,0.2762687563493965,0.07632442573484223,0.5072053099381009,6.093411026445541,0.9305123328132822,7.458340731200142e-155,Exaclty Same,1.0,1.0,1.0
Image220,0,9.285873413085938,873.7387646200027,29.559072458722426,0.2873371481232564,3.4949915529144784,12.525742665865964,144.14133473095737,0.494784529367098,0.2448117305010207,0.7163533488197974,3.0697064989517817,0.9765718305391444,7.458340731200142e-155,Exaclty Same,1.0,1.0,1.0
Image221,1,12.063613891601562,907.2216738003802,30.120120746776237,0.002191521492399148,3.1389217022777887,10.2874368637106,110.30647911338447,0.03902446114417521,0.0015229085675932405,0.36936432350556014,5.366794543904518,0.954487677026426,7.45834073120015e-155,70.05301120224128,0.9820734168564472,0.6837606837606838,0.5194805194805194
Image222,1,21.072311401367188,1351.9422833326034,36.7687677701144,0.0345027628441184,2.2812620755970787,5.5351518757498335,172.9763888888889,0.16013631301766662,0.02564363874689211,0.4467543278346621,4.9996527777777775,0.9486201922627632,7.45834073120015e-155,66.35483746814911,0.9635525841840444,0.6141522029372497,0.4431599229287089
Image223,1,18.74407958984375,1440.4149097561442,37.95279844433272,0.0045282866309642785,2.6650242095012526,7.478627069396057,189.84720712888503,0.056272200001664864,0.0031665604930273712,0.3942283224737931,5.7988118524958345,0.9512674894141098,7.458340731200155e-155,69.34016355022537,0.9790486993067128,0.8157227387996618,0.6887937187723054
Image224,1,4.856613159179688,582.2490262032508,24.12983684576525,0.001663748295902607,5.552020499427751,31.91299941840343,161.36455081512315,0.0339861745507874,0.0011550600605965886,0.2997449701464274,6.404439819632327,0.9660357602233316,7.4583407312001595e-155,71.32593762225905,0.987735024804448,0.8855721393034826,0.7946428571428571
Image225,1,4.38641357421875,527.2192332904358,22.961255046064785,0.0014962221293560699,5.75923922253858,34.477277605664504,107.45458333333332,0.032225065727025465,0.0010384548611111107,0.2691060229807365,6.505416666666667,0.9633278812369171,7.4583407312001595e-155,70.14794273757957,0.9852590319367538,0.8235867446393762,0.7000828500414251
Image226,1,0.23675537109375,30.334042201996056,5.507634900934888,0.01779345965067817,23.37059256019193,547.646213696215,28.37272727272727,0.11171096115858643,0.012479338842975208,0.3403597876609782,3.718181818181818,0.6446866259408466,7.458340731200164e-155,77.47428041590295,0.997563574573204,0.6081871345029239,0.4369747899159664
Image227,1,5.723388671875,508.4786212019053,22.549470530411693,0.003970178623931389,4.795526003664257,26.17817149493424,112.64742990654206,0.05266891024157859,0.002774014106035462,0.3195557263040197,6.15303738317757,0.9545078866349548,7.458340731200166e-155,69.06049891401169,0.9812047171257056,0.7673836918459229,0.622564935064935
Image228,1,17.965164184570312,876.0608613415933,29.59832531312529,0.022843279550003173,2.4051931679447804,6.794396619668382,121.65592918499895,0.12905661871825208,0.0166556108349883,0.4512160472283035,4.644510789859628,0.9447239502081036,7.458340731200168e-155,63.968329116229725,0.935883192486498,0.606187729417934,0.4349134687735139
Image229,1,5.2127532958984375,435.4914996830754,20.86843309122837,0.0014691985022931135,4.817660771620844,25.68554160582169,113.63004648886715,0.031932620603116524,0.001019692258582582,0.2929297896819158,5.852703694641546,0.9396013355649212,7.4583407312001695e-155,70.84952127790677,0.9844835023879392,0.8481262327416174,0.7363013698630136
Image230,0,11.80517578125,636.4148318497247,25.227263661557203,0.11003556144497743,2.566820114166147,6.883164919881295,93.630136119025,0.2943423688350124,0.0866374300914065,0.5591689890873449,3.791832858499525,0.9627657446382136,7.4583407312001695e-155,Exaclty Same,1.0,1.0,1.0
Image231,0,6.63446044921875,378.07967233465934,19.444270938625067,0.11240566342802166,3.4600940376241813,12.417847544727097,110.07565284178189,0.297869564675723,0.08872627756010475,0.5446947442527759,4.46562980030722,0.9519628603287781,7.458340731200172e-155,Exaclty Same,1.0,1.0,1.0
Image232,0,13.157318115234375,1420.3457340841503,37.687474498620226,0.2311316336266579,3.1820643233241515,10.378308331126442,272.2806818181818,0.4392956390579352,0.1929806584953197,0.6481549787102636,4.348538961038962,0.9685149145805668,7.458340731200168e-155,Exaclty Same,1.0,1.0,1.0
Image233,1,10.290908813476562,463.1891881627932,21.521830502138826,0.028329479552772426,3.330403458568285,13.616303790520993,55.09766859852476,0.14424619560385613,0.02080696494618592,0.4848816325046987,3.329359852476291,0.9673536299388156,7.4583407312001794e-155,65.89425810388292,0.9611133065098504,0.8293805309734513,0.7084971273057151
Image234,1,7.76763916015625,504.9678565258946,22.47148985995131,0.004364188751274868,3.9495109627609533,17.48505054823224,34.145161290322584,0.05513327861088988,0.0030396784103860074,0.4195568362214405,3.3156682027649773,0.9827819439542952,7.458340731200183e-155,66.93833638659069,0.9674534515293332,0.8698041909996564,0.7696048632218845
Image235,1,7.961288452148437,550.3628754708368,23.459814054481267,0.0046835994040551505,3.9476154216987855,17.186536214502866,47.371177944862154,0.05716820272883305,0.003268203403244955,0.4321253091707934,3.582456140350877,0.9811690208460464,7.458340731200185e-155,67.01929908745244,0.9696592766970172,0.8851142680667079,0.7939058171745152
Image236,1,4.861053466796875,315.62777410274595,17.76591607834355,0.061674830836108,4.626455149909519,23.35512289855524,76.3217511097505,0.21581108071729144,0.046574422560365286,0.5851797501069452,2.8069799479565285,0.9698454384389388,7.458340731200188e-155,75.40079088804173,0.9936390422822478,0.9729458917835672,0.9473170731707315
Image237,0,9.336349487304688,282.85885662382236,16.818408266653012,0.11757071933630395,2.2091204890693765,5.2591700768918415,29.766865079365076,0.3046238016136857,0.09279566050957412,0.6091042045566041,2.218849206349206,0.968817232140294,7.458340731200197e-155,Exaclty Same,1.0,1.0,1.0
Image238,1,5.4012298583984375,448.4272868654084,21.17610178633944,0.10935944971054153,4.541662154318279,22.45757418293178,123.98366013071896,0.2937688664377603,0.08630014688812664,0.5252343769224361,4.235122119023047,0.9690183946708402,7.458340731200188e-155,69.01404986355405,0.9831167913275428,0.7647647647647647,0.6191247974068071
Image239,0,17.223785400390625,745.4626190417554,27.30316133786993,0.06394612414755281,2.015174288976893,4.348895405889971,98.47447593167702,0.22038327652775147,0.04856878857310737,0.5620612609382085,3.4618594720496887,0.9486225953291112,7.458340731200197e-155,Exaclty Same,1.0,1.0,1.0
Image240,0,15.441986083984375,724.512663547148,26.916772903658927,0.06223861194444335,2.15816016049594,4.882726390900592,118.09699999999998,0.21713652401594813,0.04714827006172841,0.5558243183014168,3.8915555555555565,0.9393022283858636,7.458340731200199e-155,Exaclty Same,1.0,1.0,1.0
Image241,0,11.432876586914062,603.8207348716634,24.572764086924845,0.0874880811762167,2.5714602578329493,6.865531900754008,131.64288648500613,0.2604728999647825,0.0678461316160636,0.5369100116319967,4.488018622483911,0.9411696605288176,7.458340731200197e-155,Exaclty Same,1.0,1.0,1.0
Image242,0,6.7401123046875,375.9667952568607,19.389863208822817,0.1050751663992453,3.3296405610151214,11.431479892211827,151.46106840134044,0.287464990153705,0.08263612056406973,0.5208237030793521,5.2739996057559635,0.9294877417983282,7.458340731200204e-155,Exaclty Same,1.0,1.0,1.0
Image243,0,6.483642578125,552.897023182235,23.513762420808693,0.1417887374393633,3.925870175552969,15.61691544117556,174.0867647058823,0.33681299422615035,0.11344299307958478,0.6330025131300694,3.5761764705882357,0.9602872275820672,7.458340731200199e-155,Exaclty Same,1.0,1.0,1.0
Image244,1,15.664871215820312,1186.7716386979594,34.449552082689834,0.03793481413629549,2.6568281137059184,7.329898735804516,173.83759435110787,0.16796809115493322,0.02821327964623195,0.4990409109850237,4.786543300056814,0.9508680066200934,7.458340731200205e-155,68.23766528722062,0.975428504281551,0.7541557305336833,0.6053370786516854
